login,contributions
ericl,1334
sven1977,1170
edoakes,1083
robertnishihara,920
krfricke,865
can-anyscale,839
rkooo567,814
aslonnie,696
bveeramani,661
pcmoritz,636
richardliaw,592
jjyao,567
simon-mo,509
stephanie-wang,472
amogkam,450
fishbone,422
architkulkarni,422
zcin,340
justinvyu,329
ijrsvt,307
rickyyx,304
Yard1,289
scv119,287
dentiny,287
raulchen,278
ArturNiederfahrenhorst,261
clarkzinzow,256
matthewdeng,253
mehrdadn,250
kevin85421,246
shrekris-anyscale,229
kouroshHakha,227
dayshah,212
jovany-wang,209
xwjiang2010,205
suquark,203
DmitriGekhtman,195
scottjlee,184
simonsays1980,181
ffbin,178
mwtian,175
GeneDer,174
avnishn,167
c21,160
rynewang,160
khluu,156
alanwguo,155
sihanwang41,139
angelinalg,136
kfstorm,134
ruisearch42,130
SongGuyang,123
WangTaoTheTonic,123
maxpumperla,113
woshiyyya,111
MortalHappiness,111
jianoaix,110
alexeykudinkin,109
peytondmurray,108
jiaodong,103
wuisawesome,101
clarng,92
chaokunyang,73
guoyuhong,72
mfitton,68
dependabot[bot],67
omatthew98,65
cadedaniel,63
czgdp1807,62
srinathk10,60
elliot-barn,59
crypdick,59
mattip,57
lixin-wei,53
pschafhalter,53
devin-petersohn,52
larrylian,52
WeichenXu123,52
abrarsheikh,52
MengjinYan,50
fyrestone,48
ashione,48
nikitavemuri,47
rueian,47
wumuzi520,46
ckw017,46
qicosmos,45
vitsai,45
barakmich,44
Zandew,43
eicherseiji,41
akyang-anyscale,40
clay4megtr,40
atumanov,39
Wapaul1,39
lk-chen,39
hongchaodeng,39
AmeerHajAli,38
iamjustinhsu,37
sumanthratna,34
micafan,34
davidxia,34
Catch-Bull,33
zhijunfu,32
goutamvenkat-anyscale,31
michaelzhiluo,31
ryanaoleary,29
ujvl,28
dHannasch,28
saihaj,28
israbbani,27
elibol,27
TimothySeah,26
scottsun94,25
Sparks0219,25
win5923,24
codope,24
jackhumphries,23
OneSizeFitsQuorum,23
hartikainen,23
Rohan138,22
mitchellstern,22
Bye-legumes,21
istoica,20
JoshKarpel,20
dmatrix,20
comaniac,20
smorad,20
thomasdesr,20
chenk008,20
chaowanggg,20
landscapepainter,19
kunalgosar,19
maximsmol,19
alanamarzoev,19
acxz,19
jonathan-anyscale,18
harshit-anyscale,18
fscnick,18
jssmith,17
joneswong,17
Qiaolin-Yu,17
liuyang-my,17
Chong-Li,16
ConeyLiu,16
kisuke95,15
owenowenisme,15
pdames,15
zhisbug,14
juliusfrost,14
frank-lsf,14
ok-scale,14
martinbomio,14
chris-ray-zhang,13
sampan-s-nayak,13
liuxsh9,13
Ziy1-Tan,13
andrewztan,12
iasoon,12
xinyuangui2,12
JiahaoYao,12
hongpeng-guo,12
nadongjun,12
JingChen23,12
400Ping,11
eugenevinitsky,11
wingkitlee0,11
akshay-anyscale,11
zzyunzhi,11
christy,11
alok,11
YY-OnCall,11
williamma12,11
rshin,11
xutianming,10
carlogrisetti,10
mvindiola1,10
jon-chuang,10
cristianjd,10
bibabolynn,10
concretevitamin,10
sijieamoy,10
nrghosh,10
lchu6,10
kathryn-zhou,10
deanwampler,10
andrewsykim,10
Jay-ju,9
huchen2021,9
BalaBalaYi,9
gramhagen,9
gvspraveen,9
Leemoonsoo,9
jiangzihao2009,9
n30111,9
GokuMohandas,9
ls-daniel,9
allenyin55,9
XiaodongLv,8
avigyabb,8
vigneshka,8
tgaddair,8
iamhatesz,8
simran-2797,8
tiangolo,8
sasha-s,8
jbedorf,8
AdamGleave,8
liulehui,8
matthew29tang,8
raoul-khour-ts,7
z4y1b2,7
llan-ml,7
Yicheng-Lu-llll,7
xingyu-long,7
Superskyyy,7
jujipotle,7
jeffreyjeffreywang,7
chuxi,7
sofianhnaide,6
SumanthRH,6
09wakharet,6
jiwq,6
ZacAttack,6
kira-lin,6
desktable,6
gehring,6
justinwyang,6
vickytsang,6
henktillman,6
alindkhare,6
jkterry1,6
JasonLi1909,6
Bam4d,6
charlesjsun,6
benblack769,6
axreldable,6
Jeffwan,6
LeoLiao123,6
eisber,6
micahtyong,6
mimiliaogo,6
mitar,6
machichima,6
SaladRaider,6
cool-RR,6
richardsliu,6
anyscalesam,6
nishi-t,5
vakker,5
YQ-Wang,5
Zyiqin-Miranda,5
aannadi,5
zhongchun,5
bjg2,5
ilee300a,5
jvrdnd,5
kunling-anyscale,5
old-bear,5
sychen52,5
Daraan,5
antoine-galataud,5
ArthurBook,5
Aydin-ab,5
brycehuang30,5
xcharleslin,5
CheyuWu,5
cszhu,5
xychu,5
crystalzyan,5
stefanpantic,5
11rohans,5
Qstar,5
daiping8,5
PidgeyBE,5
tupui,5
chappidim,5
KamenShah,5
LucaCappelletti94,5
dengwxn,4
worldveil,4
SolitaryThinker,4
XuehaiPan,4
yiranwang52,4
salah-man,4
zhuohan123,4
brucez-anyscale,4
ddelange,4
fcardoso75,4
roireshef,4
shaneknapp,4
terraflops1048576,4
yncxcw,4
HollowMan6,4
kenchung285,4
SieversLeon,4
ruifangChen,4
mxz96102,4
fwitter,4
kshanmol,4
Hankpipi,4
orcahmlee,4
hershg,4
JalinWang,4
jwyyy,4
klieret,4
mawright,4
vladfi1,4
sriram-anyscale,4
hauntsaninja,4
romilbhardwaj,4
PaulFenton,4
osalpekar,4
mGalarnyk,4
mgelbart,4
max0x7ba,4
MattiasDC,4
dragongu,3
coqian,3
co63oc,3
ahao-anyscale,3
zen-xu,3
Myasuka,3
heyucongtom,3
anyadontfly,3
VamshikShetty,3
hanshan001,3
xushiyan,3
zewenli98,3
Scitator,3
bryant1410,3
qxcv,3
rodrigodelazcano,3
bushshrub,3
yuduber,3
my-vegetable-has-exploded,3
yaxife,3
truelegion47,3
tomsunelite,3
songqing,3
slfan1989,3
richo-anyscale,3
peterghaddad,3
opherlieber,3
minerharry,3
mgerstgrasser,3
kukushking,3
kk-55,3
jichan3751,3
internetcoffeephone,3
hipudding,3
gangsf,3
eric-jj,3
jamescasbon,3
JDarDagran,3
ProjectsByJackHe,3
jjyyxx,3
HassamSheikh,3
hngenc,3
hsubbaraj,3
wfangchi,3
elimelt,3
danyangz,3
arcelien,3
jecsand838,3
noemotiovon,3
gaocegege,3
cassidylaidlaw,3
bhmiller,3
anthonyhsyu,3
Alisahhh,3
eax-anyscale,3
raphaelavalos,3
praveen-palanisamy,3
ingambe,3
petern48,3
p-yang,3
holli,3
olipinski,3
NeilGirdhar,3
RocketRider,3
heyitsmui,3
MaxVanDijck,3
marwan116,3
Maltimore,3
kcpevey,3
chuang0221,3
KepingYan,3
kaushikb11,3
joncarter1,3
janblumenkamp,3
dbczumar,2
Crissman,2
omus,2
dyodx,2
Dhul-Husni,2
jodusan,2
EagleLo,2
ema-pe,2
emmanuel-ferdman,2
emmyscode,2
chunyang-wen,2
cathywu,2
bewestphal,2
thetwotravelers,2
Blaze-DSP,2
avivhaber,2
kiddyboots216,2
duburcqa,2
captain-pool,2
asm582,2
